<?xml version="1.0" encoding="UTF-8" standalone="yes"?>
<addon id="repository.zoneamick" name="repokodi" version="1.0.0" provider-name="zoneamick">
        <extension point="xbmc.addon.repository" name="zoneamick addons sur github">
                <info compressed="false">https://raw.githubusercontent.com/zoneamick/repokodi/master/addons.xml</info>
                <checksum>https://raw.githubusercontent.com/zoneamick/repokodi/master/addons.xml.md5</checksum>
                <datadir zip="true">https://raw.githubusercontent.com/zoneamick/repokodi/master</datadir>
        </extension>
        <extension point="xbmc.addon.metadata">
                <summary>Divers Addons Kodi</summary>
                <description>par zoneamick</description>
                <disclaimer></disclaimer>
                <platform>all</platform>
        </extension>
</addon>


