<?xml version="1.0.0" encoding="UTF-8" standalone="yes"?>
<addon id="repository.zoneamick" name="repokodi"
        version="1.0.0" provider-name="zoneamick">
    <requires>
        <import addon="xbmc.addon" version="12.0"/>
    </requires>
    <extension point="xbmc.addon.repository"
        name="Acces au addons sur github">
        <info compressed="true">https://raw.githubusercontent.com/zoneamick/kodirepo/master/addons.xml</info>
        <checksum>https://raw.githubusercontent.com/zoneamick/kodirepo/master/addons.xml.md5</checksum>
        <datadir zip="true">https://raw.githubusercontent.com/zoneamick/kodirepo/master/</datadir>
        <hashes>false</hashes>
    </extension>
    <extension point="xbmc.addon.metadata">
		<summary>Divers Addons Kodi/summary>
        <description>par zoneamick</description>
	</extension>
</addon>	